alpha_p, beta_p, d, k0, k1, nlabel, ntrace, nchain, nskip, Ntrain, Ntest, Nfold
8.21584356003,7.37642683795,188,29,12,6,500,2,2,200,100,5
7.96371172851,3.39116341892,150,1,108,2,500,2,2,200,100,5
7.02751106587,7.59937267946,187,2,56,7,500,2,2,200,100,5
5.27312155016,8.39017674967,66,1,29,10,500,2,2,200,100,5
9.5439785824,1.11537009937,112,35,14,2,500,2,2,200,100,5
6.88190153659,7.05414797807,123,1,111,4,500,2,2,200,100,5
6.06715640801,9.71230921638,29,3,2,9,500,2,2,200,100,5
3.1428992373,7.82643786469,151,9,81,5,500,2,2,200,100,5
1.05041580791,1.47557661247,131,8,52,9,500,2,2,200,100,5
0.59232135404,7.55886836013,106,24,22,3,500,2,2,200,100,5
0.996745060922,0.0563584967324,107,8,48,5,500,2,2,200,100,5
1.36535557319,9.83145378564,156,16,37,4,500,2,2,200,100,5
8.34061005173,4.18578190338,160,45,68,2,500,2,2,200,100,5
4.88425169196,5.69679582587,195,21,6,9,500,2,2,200,100,5
5.27580389509,7.52444086696,141,13,11,10,500,2,2,200,100,5
6.83759968117,5.52548150177,186,53,11,3,500,2,2,200,100,5
8.67213976111,2.33344298941,101,8,12,9,500,2,2,200,100,5
0.13509652539,1.29164616367,181,29,1,6,500,2,2,200,100,5
0.141673466262,1.46856358051,169,4,19,9,500,2,2,200,100,5
0.489983577387,4.36332723186,35,5,5,4,500,2,2,200,100,5
6.02906761524,7.3365049806,46,3,10,5,500,2,2,200,100,5
4.4310697381,8.49599248087,170,24,7,2,500,2,2,200,100,5
6.35517764593,4.18096503953,75,6,12,6,500,2,2,200,100,5
1.92154968748,7.29898180366,155,19,22,7,500,2,2,200,100,5
0.616347108007,6.53931531515,81,7,6,10,500,2,2,200,100,5
2.98348338705,0.66788349182,124,1,7,4,500,2,2,200,100,5
5.51394195648,9.06306842682,84,12,56,2,500,2,2,200,100,5
3.12922224423,1.53460630739,33,5,2,5,500,2,2,200,100,5
8.14852271268,1.90694217105,46,11,1,4,500,2,2,200,100,5
1.16906522145,3.93722367337,102,2,2,8,500,2,2,200,100,5
5.00683405026,0.183899161975,122,13,14,8,500,2,2,200,100,5
6.96332671387,2.83940550683,170,15,25,9,500,2,2,200,100,5
8.18036637869,1.54924104384,177,11,65,10,500,2,2,200,100,5
7.17662433221,4.98629676225,198,9,77,3,500,2,2,200,100,5
5.68612071648,4.4517659918,167,28,12,5,500,2,2,200,100,5
5.13180459323,5.31979799971,145,13,13,9,500,2,2,200,100,5
8.0662045063,6.56508054392,119,4,15,7,500,2,2,200,100,5
6.90983806954,9.66456248565,102,23,5,3,500,2,2,200,100,5
6.57163195248,5.96225828092,87,17,2,5,500,2,2,200,100,5
5.61357773885,5.19597343209,167,1,34,9,500,2,2,200,100,5
0.945623520583,9.44653194657,54,7,18,3,500,2,2,200,100,5
1.85972612658,6.13304108823,121,6,1,9,500,2,2,200,100,5
1.05077881013,7.36705517019,174,8,22,10,500,2,2,200,100,5
7.8461707994,3.61823611596,118,6,44,8,500,2,2,200,100,5
4.89941285026,5.05667931117,137,5,29,8,500,2,2,200,100,5
0.108019216247,1.48352157825,29,9,3,2,500,2,2,200,100,5
0.357074140908,1.85035773788,52,1,2,5,500,2,2,200,100,5
5.25739000168,5.99841232147,115,37,4,3,500,2,2,200,100,5
6.54723534797,3.49519581619,188,5,73,10,500,2,2,200,100,5
9.20876052701,0.208725006073,78,18,24,3,500,2,2,200,100,5
8.68539695898,8.99316719688,76,7,2,7,500,2,2,200,100,5
1.29878458793,1.6120282232,109,35,1,3,500,2,2,200,100,5
8.87950945927,0.375079820926,127,12,13,9,500,2,2,200,100,5
9.7711642134,6.56994054588,45,2,6,7,500,2,2,200,100,5
3.53918796525,4.19524516067,79,2,13,5,500,2,2,200,100,5
0.152723265913,5.07217991148,159,10,30,9,500,2,2,200,100,5
7.5825153778,9.2725983177,67,12,10,4,500,2,2,200,100,5
7.28569926254,6.26158460963,165,24,2,4,500,2,2,200,100,5
6.08148548108,8.68784295686,107,9,43,6,500,2,2,200,100,5
4.33189438214,7.86997367723,110,20,1,5,500,2,2,200,100,5
7.77068288613,6.12055546465,60,2,29,2,500,2,2,200,100,5
1.9910998452,4.11779261572,193,48,79,2,500,2,2,200,100,5
6.0280314142,1.4080948522,167,33,39,3,500,2,2,200,100,5
1.48779331874,2.49464465877,114,9,11,10,500,2,2,200,100,5
9.84836187137,5.19231876687,194,5,1,5,500,2,2,200,100,5
3.8729182973,8.65006328237,90,1,74,3,500,2,2,200,100,5
7.35370202248,1.96001988565,119,23,21,4,500,2,2,200,100,5
4.44932632954,0.42235539268,20,2,7,6,500,2,2,200,100,5
1.28026828293,8.89403175067,54,13,1,4,500,2,2,200,100,5
4.60033882418,6.59611286264,68,9,2,7,500,2,2,200,100,5
2.51613174374,0.530484269904,162,27,37,4,500,2,2,200,100,5
3.13160672929,2.5217488445,23,3,1,6,500,2,2,200,100,5
6.42025645327,7.63709490938,155,5,61,7,500,2,2,200,100,5
1.17515395912,2.90592599274,147,19,37,5,500,2,2,200,100,5
3.75556346339,1.02995800107,192,33,8,5,500,2,2,200,100,5
9.01932708277,8.13522371759,171,29,22,5,500,2,2,200,100,5
2.87469606915,1.15257881163,54,16,6,3,500,2,2,200,100,5
3.55230241522,8.37197865121,96,9,29,3,500,2,2,200,100,5
2.03066482259,1.02056956992,96,36,13,2,500,2,2,200,100,5
0.163767714056,1.28244795126,22,1,3,9,500,2,2,200,100,5
5.85055154699,9.55795913036,38,2,11,8,500,2,2,200,100,5
0.840443796992,2.96796808271,109,34,6,3,500,2,2,200,100,5
2.24516664099,2.16284831199,103,20,32,3,500,2,2,200,100,5
5.48838901314,2.17334208985,164,10,38,3,500,2,2,200,100,5
3.43477211644,5.20127005283,189,29,2,6,500,2,2,200,100,5
6.78076499961,3.741873879,104,5,39,7,500,2,2,200,100,5
7.79894408411,3.00686128688,40,9,4,4,500,2,2,200,100,5
1.5943951246,7.84605206804,136,4,68,8,500,2,2,200,100,5
6.5970790101,4.73846867377,99,13,28,4,500,2,2,200,100,5
4.72874235754,8.69911042375,136,53,24,2,500,2,2,200,100,5
5.98419398418,1.20062961939,66,8,1,8,500,2,2,200,100,5
7.58971877644,7.10139733712,40,2,3,7,500,2,2,200,100,5
9.65799939084,8.21156312997,92,3,35,5,500,2,2,200,100,5
0.34276561851,7.77707721151,90,15,28,2,500,2,2,200,100,5
0.756662470103,3.76901050571,102,6,31,9,500,2,2,200,100,5
2.43139071146,1.46564035303,49,8,6,2,500,2,2,200,100,5
3.62895427703,6.32478352235,31,1,9,10,500,2,2,200,100,5
8.89424143781,7.66004148685,171,28,105,2,500,2,2,200,100,5
2.46149063174,1.44790403768,28,4,14,3,500,2,2,200,100,5
7.2977354751,7.80594769066,125,13,2,8,500,2,2,200,100,5
2.54224689574,0.588563937217,25,6,1,4,500,2,2,200,100,5
2.29229726114,9.66786623195,24,2,13,5,500,2,2,200,100,5
4.49267367093,3.22150361277,168,4,112,9,500,2,2,200,100,5
4.95281480657,9.98641225384,58,5,41,2,500,2,2,200,100,5
5.56481079455,0.310991246656,58,1,15,8,500,2,2,200,100,5
1.05713778207,9.66291982895,93,6,30,9,500,2,2,200,100,5
9.84637080205,0.227808906291,151,12,47,5,500,2,2,200,100,5
5.89887974664,4.01660329007,55,4,15,4,500,2,2,200,100,5
6.6017116786,3.82008933572,109,12,2,5,500,2,2,200,100,5
4.19551996198,9.69199557691,30,4,9,5,500,2,2,200,100,5
7.73439885453,3.02544935288,127,16,22,6,500,2,2,200,100,5
0.750549064872,6.60869706208,75,9,5,6,500,2,2,200,100,5
5.29415691303,7.82856153923,137,13,8,9,500,2,2,200,100,5
7.94387245207,5.71551922423,71,14,14,4,500,2,2,200,100,5
3.14518691197,4.47433531832,100,7,26,10,500,2,2,200,100,5
9.7325774638,8.15962623228,117,3,78,9,500,2,2,200,100,5
7.30140268677,4.06550532252,101,9,40,4,500,2,2,200,100,5
3.34193481117,1.01990236869,66,9,8,5,500,2,2,200,100,5
5.93032220413,2.00715354097,98,10,11,6,500,2,2,200,100,5
8.20809908724,3.55937673598,191,17,16,10,500,2,2,200,100,5
0.0754816236048,5.44124353704,175,8,108,4,500,2,2,200,100,5
9.61253034702,3.01554304261,29,2,4,6,500,2,2,200,100,5
2.32722109737,0.309267021329,66,10,1,2,500,2,2,200,100,5
9.30955423699,5.5847057691,142,17,18,7,500,2,2,200,100,5
9.55580746549,5.16574322029,134,21,39,4,500,2,2,200,100,5
1.83729933911,7.43249383154,136,24,28,4,500,2,2,200,100,5
8.67394492549,4.88015205293,175,7,116,8,500,2,2,200,100,5
2.317549297,4.96264073553,191,33,9,5,500,2,2,200,100,5
7.15870620965,3.55163150956,183,19,27,6,500,2,2,200,100,5
7.72271001454,6.57738478964,24,2,5,9,500,2,2,200,100,5
0.762289826885,9.61546970866,111,8,28,5,500,2,2,200,100,5
3.53711887255,0.90512450454,70,3,9,7,500,2,2,200,100,5
2.79578710635,5.15287485275,183,10,6,6,500,2,2,200,100,5
6.81929100187,8.82785217485,162,9,81,7,500,2,2,200,100,5
5.89236793917,4.21306472003,49,5,4,9,500,2,2,200,100,5
0.859313239266,8.36995352842,128,6,80,7,500,2,2,200,100,5
1.57977417968,8.68165337464,41,7,5,5,500,2,2,200,100,5
8.89998547938,3.69695425912,171,20,25,7,500,2,2,200,100,5
3.99340262822,8.66118067994,39,2,12,9,500,2,2,200,100,5
2.39637866188,6.7416203017,138,30,15,4,500,2,2,200,100,5
7.09084481474,9.02198761531,109,11,8,8,500,2,2,200,100,5
8.42236956336,0.884411363845,42,2,25,6,500,2,2,200,100,5
7.23737421035,2.20899605162,176,2,15,4,500,2,2,200,100,5
6.13492536156,8.32452450319,159,6,61,5,500,2,2,200,100,5
2.76580417395,5.00225052372,123,7,34,3,500,2,2,200,100,5
2.97806940991,5.77839492806,58,1,3,6,500,2,2,200,100,5
2.4496388261,5.19528944556,128,12,44,5,500,2,2,200,100,5
7.19468351443,8.61321200201,124,8,4,9,500,2,2,200,100,5
9.44201484268,9.63025738949,175,3,111,10,500,2,2,200,100,5
5.73049981221,0.320024966835,178,31,19,4,500,2,2,200,100,5
0.580610559354,1.29947412306,161,23,15,4,500,2,2,200,100,5
1.76535235587,7.61803726589,98,21,3,3,500,2,2,200,100,5
6.65217358607,7.6445855816,108,2,15,2,500,2,2,200,100,5
5.79835452948,1.24283220599,191,3,95,2,500,2,2,200,100,5
9.87075481952,2.96836723576,102,1,6,8,500,2,2,200,100,5
8.21215743979,4.29972998831,82,1,21,5,500,2,2,200,100,5
3.90278510081,9.11400842223,34,2,3,4,500,2,2,200,100,5
8.26011233856,5.24997747914,95,38,1,2,500,2,2,200,100,5
3.60609344002,7.06802689485,79,5,20,7,500,2,2,200,100,5
9.457814759,1.80065019112,107,7,43,7,500,2,2,200,100,5
0.149465881107,7.57845435973,167,16,9,9,500,2,2,200,100,5
7.92744881135,6.41958764153,83,9,23,4,500,2,2,200,100,5
7.97803716548,5.86854338584,140,69,2,2,500,2,2,200,100,5
4.86338598354,6.67551133763,99,11,15,7,500,2,2,200,100,5
6.62077090393,9.01265501691,123,2,36,9,500,2,2,200,100,5
6.84117747403,4.81663834325,92,3,69,2,500,2,2,200,100,5
9.91593268129,3.94693349766,172,18,38,7,500,2,2,200,100,5
5.06191816904,4.2000235836,56,8,14,5,500,2,2,200,100,5
8.51606385963,5.75875625473,86,9,34,5,500,2,2,200,100,5
5.51991047645,3.59902704279,187,68,25,2,500,2,2,200,100,5
8.65719778713,5.55570455289,83,10,2,8,500,2,2,200,100,5
1.42700663978,2.5889056689,105,8,54,6,500,2,2,200,100,5
1.24129789348,8.60097139072,113,13,13,5,500,2,2,200,100,5
6.91622508264,2.14889988046,119,18,19,5,500,2,2,200,100,5
0.579126599457,0.699240391434,71,5,40,6,500,2,2,200,100,5
8.46496707813,8.69148743338,158,16,6,2,500,2,2,200,100,5
2.62935274132,0.446405701503,133,8,48,6,500,2,2,200,100,5
2.23053902886,4.09154441586,111,18,2,6,500,2,2,200,100,5
4.24367126553,0.0714696320585,196,9,39,6,500,2,2,200,100,5
4.38852529509,2.04195862216,172,11,27,9,500,2,2,200,100,5
6.77269972909,2.9298305184,157,8,43,10,500,2,2,200,100,5
9.93664969157,5.13770408487,112,22,21,3,500,2,2,200,100,5
6.1744873729,1.14378858685,144,2,27,5,500,2,2,200,100,5
3.25735522837,2.71274564123,96,15,2,5,500,2,2,200,100,5
9.97256456773,9.66394065944,113,19,7,4,500,2,2,200,100,5
6.24180848282,9.21273882802,31,2,18,5,500,2,2,200,100,5
3.55204897306,7.79562320442,27,5,7,4,500,2,2,200,100,5
7.88528930208,7.73497373081,188,1,117,7,500,2,2,200,100,5
7.67210386862,6.37400415943,98,4,31,8,500,2,2,200,100,5
5.04061091988,5.67719045273,97,9,35,6,500,2,2,200,100,5
2.98614520403,3.72904932096,62,14,16,3,500,2,2,200,100,5
3.58517481972,9.53156874394,112,36,1,3,500,2,2,200,100,5
3.10138291725,8.0480011012,163,13,30,10,500,2,2,200,100,5
4.67105623387,7.77619255458,88,10,29,5,500,2,2,200,100,5
1.8479841395,9.92385477189,83,10,4,7,500,2,2,200,100,5
4.24349667358,9.48289819736,179,6,3,9,500,2,2,200,100,5
6.39828984865,0.315752957334,189,20,76,5,500,2,2,200,100,5
0.404313952522,6.85300066879,148,7,14,10,500,2,2,200,100,5
6.71981553548,6.48212620922,81,7,37,6,500,2,2,200,100,5
5.43384862175,2.82206362513,42,3,23,5,500,2,2,200,100,5
5.87981685934,2.02462745308,187,15,76,4,500,2,2,200,100,5
4.7130433567,5.66574041363,66,9,9,6,500,2,2,200,100,5
6.11193930742,9.86768821195,156,1,35,8,500,2,2,200,100,5
2.7125070371,7.45841204145,59,6,5,9,500,2,2,200,100,5
1.67734355492,2.53143534216,30,1,8,6,500,2,2,200,100,5
5.16461530434,9.53337556984,118,12,7,8,500,2,2,200,100,5
7.59888533988,2.71429993576,36,3,3,10,500,2,2,200,100,5
0.896757574687,7.93939166535,74,12,1,6,500,2,2,200,100,5
3.85987064941,9.89402832777,38,4,11,6,500,2,2,200,100,5
8.12541873741,7.00072343624,161,37,3,3,500,2,2,200,100,5
3.8311428703,6.84465458043,101,10,19,8,500,2,2,200,100,5
9.98173704139,2.71067588509,96,9,6,10,500,2,2,200,100,5
5.21903839931,1.88198264613,36,5,1,7,500,2,2,200,100,5
1.28516812904,5.91644061551,64,4,32,7,500,2,2,200,100,5
3.95108630684,9.72263118518,196,13,7,2,500,2,2,200,100,5
0.977153661344,6.91456878417,147,10,101,4,500,2,2,200,100,5
2.31976764114,1.79137572916,140,16,2,6,500,2,2,200,100,5
1.78120154561,8.30646023851,166,22,26,5,500,2,2,200,100,5
4.62411250437,8.3643500627,52,1,10,6,500,2,2,200,100,5
1.1255331346,1.24839907711,71,2,55,5,500,2,2,200,100,5
8.02466837735,9.79251806405,103,10,2,9,500,2,2,200,100,5
8.16485298731,0.793224868149,182,5,45,9,500,2,2,200,100,5
7.19835631556,5.32453712352,88,5,19,6,500,2,2,200,100,5
6.83293304206,4.25655976478,44,9,8,4,500,2,2,200,100,5
0.361954001033,7.07461696199,123,49,15,2,500,2,2,200,100,5
9.17075951062,9.72168415895,123,11,33,8,500,2,2,200,100,5
3.1106785021,4.24357227157,89,33,12,2,500,2,2,200,100,5
4.47767510723,5.08558419885,165,2,140,7,500,2,2,200,100,5
7.13574202151,6.28905708097,128,9,34,9,500,2,2,200,100,5
0.525119256079,1.30661035111,158,9,99,4,500,2,2,200,100,5
7.95706898203,7.49415599252,66,6,2,10,500,2,2,200,100,5
4.64660542037,3.35807131193,141,1,50,8,500,2,2,200,100,5
1.35584778048,9.10692397799,76,15,1,5,500,2,2,200,100,5
6.31651330535,4.53251515049,174,4,43,4,500,2,2,200,100,5
2.13226819635,2.67635197703,146,10,1,6,500,2,2,200,100,5
3.29402091699,6.57996565656,164,20,54,5,500,2,2,200,100,5
6.32439545834,8.6645530652,28,4,6,5,500,2,2,200,100,5
4.07324012619,1.23593491657,71,18,2,3,500,2,2,200,100,5
7.94495774804,9.45315226665,186,6,148,3,500,2,2,200,100,5
0.8784318978,9.34529819055,96,21,4,2,500,2,2,200,100,5
2.33524327994,3.65307729394,51,6,8,7,500,2,2,200,100,5
3.8480732335,8.59409713553,105,15,31,4,500,2,2,200,100,5
7.73990823177,1.83923853922,157,23,68,3,500,2,2,200,100,5
5.40504825952,3.51011346522,47,3,13,10,500,2,2,200,100,5
3.01286405162,8.05291860808,93,1,2,8,500,2,2,200,100,5
9.41886899134,8.87470586432,85,5,13,10,500,2,2,200,100,5
2.77153017615,7.7351907768,73,14,1,2,500,2,2,200,100,5
9.90212201272,6.48500095561,64,2,4,5,500,2,2,200,100,5
0.78236403119,3.22017702973,41,2,29,3,500,2,2,200,100,5
7.03164136541,3.16858438393,171,3,39,8,500,2,2,200,100,5
7.75908926703,4.14006836571,28,1,6,10,500,2,2,200,100,5
2.16946656458,7.82833778452,173,19,24,7,500,2,2,200,100,5
9.68260048999,2.57688550653,52,1,9,10,500,2,2,200,100,5
7.40099757548,3.06860130807,184,9,5,8,500,2,2,200,100,5
9.09016693959,4.68159908045,127,13,1,6,500,2,2,200,100,5
1.90274950315,6.16320692823,55,5,3,7,500,2,2,200,100,5
7.61997545538,7.21126542208,20,4,2,4,500,2,2,200,100,5
3.60570040991,9.60270933311,154,13,47,8,500,2,2,200,100,5
6.50001526158,1.48680257776,98,6,16,6,500,2,2,200,100,5
8.8585304316,3.44895305958,84,21,8,3,500,2,2,200,100,5
0.85803402851,2.25544360638,157,67,6,2,500,2,2,200,100,5
4.75411765768,0.375037177765,96,16,16,5,500,2,2,200,100,5
7.76270167612,9.05858513233,137,10,57,8,500,2,2,200,100,5
5.17619547988,1.93549445917,79,10,8,6,500,2,2,200,100,5
9.4352274936,7.4008305276,192,34,32,4,500,2,2,200,100,5
2.45567303342,0.39945896785,58,9,6,5,500,2,2,200,100,5
4.87326569179,4.81042360121,128,2,13,4,500,2,2,200,100,5
3.22440784948,0.0262546437455,95,8,7,5,500,2,2,200,100,5
1.41026997711,3.95582962464,143,15,15,8,500,2,2,200,100,5
6.72668527249,3.58700437667,63,4,3,10,500,2,2,200,100,5
3.48907159682,5.51287748777,80,2,60,9,500,2,2,200,100,5
2.41408054495,2.29456605648,193,10,69,9,500,2,2,200,100,5
0.666645955357,2.08114269992,108,23,5,3,500,2,2,200,100,5
5.75616938064,1.15460261448,141,16,10,7,500,2,2,200,100,5
6.04359253108,9.51727304606,66,9,1,7,500,2,2,200,100,5
5.38057981604,0.928131666447,197,19,30,8,500,2,2,200,100,5
1.86972922048,6.22429593791,74,4,30,7,500,2,2,200,100,5
1.51636232515,5.4746598897,37,1,17,10,500,2,2,200,100,5
0.264609479319,4.24762410291,124,9,12,10,500,2,2,200,100,5
3.9979370324,9.76616268308,150,15,29,7,500,2,2,200,100,5
9.75635183088,0.890058185709,39,4,2,9,500,2,2,200,100,5
2.58211273208,4.45475713786,72,1,28,8,500,2,2,200,100,5
5.59927353702,3.94969155552,25,11,2,2,500,2,2,200,100,5
6.26707135193,7.9498421024,33,4,1,8,500,2,2,200,100,5
9.06650216265,8.9208777387,89,9,15,4,500,2,2,200,100,5
1.32494182469,2.69143088758,163,12,51,9,500,2,2,200,100,5
2.58704611455,1.92556163055,24,1,2,7,500,2,2,200,100,5
5.75850153843,1.06804826556,51,1,41,6,500,2,2,200,100,5
7.63802366258,6.46469539827,68,4,7,8,500,2,2,200,100,5
1.75016046978,0.468021302631,20,1,4,3,500,2,2,200,100,5
7.05939164046,2.20630608251,45,5,6,6,500,2,2,200,100,5
0.00833644694168,5.74537316868,73,9,1,8,500,2,2,200,100,5
7.87622484646,8.79080887806,198,12,73,9,500,2,2,200,100,5
0.450111906537,2.2899659636,119,15,12,6,500,2,2,200,100,5
6.99215288638,8.79003598902,122,5,68,10,500,2,2,200,100,5
3.85247454552,7.3214405534,109,12,1,9,500,2,2,200,100,5
2.35123870606,4.29642387562,95,6,18,10,500,2,2,200,100,5
7.56428898654,4.97429766861,153,2,74,4,500,2,2,200,100,5
8.20183811755,8.2882363979,189,28,39,5,500,2,2,200,100,5
0.767965491193,8.58060438348,149,56,35,2,500,2,2,200,100,5
2.72720149625,5.89616327311,27,2,8,3,500,2,2,200,100,5
8.52849169522,8.95611099321,195,26,7,6,500,2,2,200,100,5
5.78561321907,6.18519305594,63,1,34,7,500,2,2,200,100,5
7.00681446089,9.12758627854,166,31,18,4,500,2,2,200,100,5
7.60271181416,9.86579709343,148,17,63,5,500,2,2,200,100,5
8.39222902161,2.98830439566,163,26,42,3,500,2,2,200,100,5
7.11931277825,2.70832487373,177,36,66,3,500,2,2,200,100,5
6.27684929174,3.32089699352,119,5,86,5,500,2,2,200,100,5
3.15964207831,5.65397496656,50,11,1,4,500,2,2,200,100,5
8.97766496262,3.31106523261,199,19,1,8,500,2,2,200,100,5
1.5420035548,1.86693799218,93,4,30,8,500,2,2,200,100,5
0.0512315375813,9.25792045761,142,5,80,8,500,2,2,200,100,5
1.42954677061,0.190057717793,84,1,19,2,500,2,2,200,100,5
0.693815263389,2.97297893556,84,8,9,7,500,2,2,200,100,5
0.242575841398,8.62514748751,52,9,7,3,500,2,2,200,100,5
0.973315107957,4.98135166036,177,10,56,3,500,2,2,200,100,5
4.62362430012,2.68083194177,119,16,24,5,500,2,2,200,100,5
5.23242984336,5.099533884,126,2,86,6,500,2,2,200,100,5
4.02916305738,0.658731587265,143,11,13,10,500,2,2,200,100,5
1.23802990857,6.90760649466,193,37,7,5,500,2,2,200,100,5
6.77417209649,6.67235562997,128,17,8,6,500,2,2,200,100,5
6.17586819352,2.3802868675,30,7,7,3,500,2,2,200,100,5
8.08727345787,6.70724277537,114,5,10,7,500,2,2,200,100,5
3.79215988226,2.65964387267,79,4,18,10,500,2,2,200,100,5
2.9611516468,4.83726708028,143,43,11,3,500,2,2,200,100,5
7.93352690089,1.8180033124,137,1,13,7,500,2,2,200,100,5
2.12127244161,8.51400106644,82,11,6,5,500,2,2,200,100,5
2.80180028365,9.47328860153,65,2,17,4,500,2,2,200,100,5
0.434423610627,3.1529352043,90,4,31,9,500,2,2,200,100,5
0.299840273432,2.20239288882,91,5,33,3,500,2,2,200,100,5
0.79985357412,3.71621282099,38,1,1,7,500,2,2,200,100,5
9.50880492492,3.06348472465,159,15,10,8,500,2,2,200,100,5
1.29415957191,5.00793722714,87,15,6,5,500,2,2,200,100,5
2.84143120172,2.72780346798,171,41,6,4,500,2,2,200,100,5
9.36604192691,7.86872518979,77,7,5,10,500,2,2,200,100,5
6.99214134047,4.73818729759,108,3,45,10,500,2,2,200,100,5
1.78752599855,2.79015631507,117,8,5,10,500,2,2,200,100,5
5.03829693314,1.64714894555,199,31,8,2,500,2,2,200,100,5
0.267868180428,6.58386441984,70,8,1,7,500,2,2,200,100,5
0.13889098716,7.64574700212,140,21,84,2,500,2,2,200,100,5
7.70614414248,2.39955499604,58,11,2,5,500,2,2,200,100,5
9.73827904459,3.52383853373,114,5,9,8,500,2,2,200,100,5
2.66502730933,7.35578948432,34,1,13,10,500,2,2,200,100,5
4.43529345344,7.22942129277,38,2,16,4,500,2,2,200,100,5
5.7617464189,3.7318932521,106,38,6,2,500,2,2,200,100,5
9.76226017836,0.834725741444,150,24,5,6,500,2,2,200,100,5
2.71492257099,1.32085141196,151,44,12,3,500,2,2,200,100,5
3.86749262667,6.0213831665,133,11,3,8,500,2,2,200,100,5
4.89092829694,7.23934678531,133,4,97,3,500,2,2,200,100,5
2.15082621436,8.26714304906,191,18,3,9,500,2,2,200,100,5
6.316602598,3.68702998996,196,93,9,2,500,2,2,200,100,5
3.34195329932,1.89769518467,125,6,50,10,500,2,2,200,100,5
4.73734886938,8.72344684064,61,15,1,4,500,2,2,200,100,5
5.81174058254,5.97065787455,181,2,121,4,500,2,2,200,100,5
3.67818529091,5.80470295424,155,2,27,10,500,2,2,200,100,5
3.51864533644,0.144742342497,89,7,11,8,500,2,2,200,100,5
3.05608206799,4.85975481099,177,8,36,8,500,2,2,200,100,5
4.21467086803,4.49808490203,90,10,29,2,500,2,2,200,100,5
5.29793218808,6.66719353505,47,3,6,9,500,2,2,200,100,5
4.58758585701,3.12286176047,62,6,8,9,500,2,2,200,100,5
7.29459715474,9.35521426407,116,23,2,3,500,2,2,200,100,5
1.5794983536,5.88777109449,155,7,96,6,500,2,2,200,100,5
0.719461604969,9.52869671445,30,1,7,6,500,2,2,200,100,5
5.82941024433,5.53489530497,159,8,22,3,500,2,2,200,100,5
9.32141124732,8.05702962347,167,16,15,9,500,2,2,200,100,5
8.26515435439,4.01870063168,33,3,3,10,500,2,2,200,100,5
9.63328092524,8.79373792832,160,6,96,4,500,2,2,200,100,5
7.70601041218,5.371409443,48,1,39,4,500,2,2,200,100,5
2.55226283001,5.31556577258,177,4,77,10,500,2,2,200,100,5
1.24384283759,5.33348069426,124,13,7,7,500,2,2,200,100,5
7.55154974424,5.72983734318,148,16,42,2,500,2,2,200,100,5
7.7374369826,1.54313944513,89,11,22,6,500,2,2,200,100,5
5.26624061992,3.3081796829,184,41,19,3,500,2,2,200,100,5
0.881489237715,6.40230350896,162,15,1,6,500,2,2,200,100,5
8.2991131947,6.46531587148,195,11,114,2,500,2,2,200,100,5
2.21763971599,0.565544096246,114,18,4,6,500,2,2,200,100,5
2.9862910096,1.08992767688,167,7,1,8,500,2,2,200,100,5
0.389450809113,8.1082126083,55,23,2,2,500,2,2,200,100,5
9.71539044518,9.64626690888,187,10,78,9,500,2,2,200,100,5
4.29915372399,3.60999918121,173,2,10,10,500,2,2,200,100,5
8.39515258611,2.38524937701,106,4,19,9,500,2,2,200,100,5
5.7864405481,9.873206362,65,8,46,2,500,2,2,200,100,5
6.33613098311,0.787435853034,35,4,1,5,500,2,2,200,100,5
2.04191873398,0.936912666744,182,8,87,8,500,2,2,200,100,5
0.0646660398143,7.82247897266,69,13,12,4,500,2,2,200,100,5
0.833572155617,4.79272831341,118,2,21,6,500,2,2,200,100,5
4.5238729442,6.37599975813,81,12,9,5,500,2,2,200,100,5
7.70556662866,8.58421531384,128,13,32,7,500,2,2,200,100,5
1.65142535958,0.116728798904,161,26,3,6,500,2,2,200,100,5
0.503443494608,6.32893582156,46,2,5,10,500,2,2,200,100,5
7.56161895667,6.67943818742,147,8,23,10,500,2,2,200,100,5
8.2534015566,3.23839114259,59,11,6,4,500,2,2,200,100,5
7.98244993599,4.22690796316,33,3,1,7,500,2,2,200,100,5
6.4520947578,1.00198602627,161,8,62,3,500,2,2,200,100,5
9.60796657515,1.99936641682,62,3,25,8,500,2,2,200,100,5
6.00485164985,2.01742844046,69,4,39,4,500,2,2,200,100,5
2.84607568873,2.77990357813,63,6,7,7,500,2,2,200,100,5
6.51900157495,3.03365250585,187,19,3,9,500,2,2,200,100,5
0.255550754453,9.26158745045,98,14,5,6,500,2,2,200,100,5
2.89616024758,0.547620773105,54,5,13,6,500,2,2,200,100,5
1.94486838406,8.60666424791,95,37,5,2,500,2,2,200,100,5
0.0340480463879,6.07852584457,72,1,35,8,500,2,2,200,100,5
7.72644166902,5.55037411644,107,16,43,4,500,2,2,200,100,5
0.353887241962,9.48015043144,143,13,3,10,500,2,2,200,100,5
9.02139375127,4.88984245318,148,6,73,9,500,2,2,200,100,5
4.88723315212,0.0818901633982,94,1,76,6,500,2,2,200,100,5
6.94008718433,2.4673633675,30,3,3,9,500,2,2,200,100,5
8.97426656613,1.19123050263,41,2,1,2,500,2,2,200,100,5
3.41885528731,5.73919894438,54,10,3,5,500,2,2,200,100,5
6.91422319651,7.22376025245,156,18,42,4,500,2,2,200,100,5
2.4865022668,7.92221701786,56,9,2,6,500,2,2,200,100,5
6.70348752445,4.81057374723,196,23,7,6,500,2,2,200,100,5
6.46159286918,2.30939744682,93,5,44,7,500,2,2,200,100,5
1.8298591138,4.50842842984,79,1,38,6,500,2,2,200,100,5
1.38505111933,8.92928497528,141,19,2,7,500,2,2,200,100,5
0.52057854101,5.96269831783,66,3,34,7,500,2,2,200,100,5
2.87121543523,0.879325882932,174,14,37,6,500,2,2,200,100,5
4.13861291104,1.185380959,117,41,11,2,500,2,2,200,100,5
9.76285486731,2.63989659418,144,15,7,7,500,2,2,200,100,5
1.84823220276,7.69627062872,37,5,2,6,500,2,2,200,100,5
1.28160039529,8.17574173053,87,12,27,4,500,2,2,200,100,5
6.97621400805,7.20657330754,37,10,5,2,500,2,2,200,100,5
1.79600642842,1.93086810571,29,3,7,2,500,2,2,200,100,5
2.93155663545,3.00423417831,70,11,2,6,500,2,2,200,100,5
0.850828467687,5.81001490076,73,2,4,8,500,2,2,200,100,5
9.62981178243,0.830067142952,192,2,166,7,500,2,2,200,100,5
3.38335150807,8.52791059484,30,2,24,2,500,2,2,200,100,5
1.23599782599,2.98582919449,133,15,22,2,500,2,2,200,100,5
4.34740585836,4.34583137284,28,2,19,3,500,2,2,200,100,5
5.89909665328,7.62063412208,169,22,22,6,500,2,2,200,100,5
5.87203236803,4.24866704027,77,8,5,9,500,2,2,200,100,5
9.39827394631,5.89130772374,141,1,45,10,500,2,2,200,100,5
1.26847237446,6.31265138884,27,1,10,10,500,2,2,200,100,5
1.50787278045,3.34260470221,49,6,6,7,500,2,2,200,100,5
1.69303741872,1.28382533495,57,8,1,7,500,2,2,200,100,5
4.95931131783,4.931188744,105,4,32,10,500,2,2,200,100,5
6.81218005136,9.81723495903,79,2,7,5,500,2,2,200,100,5
4.63279757012,2.75927134783,130,14,4,9,500,2,2,200,100,5
8.33100480809,4.21537101494,197,7,5,7,500,2,2,200,100,5
1.63589446554,4.80160033842,102,30,4,3,500,2,2,200,100,5
6.77099778756,2.3421444026,155,38,2,4,500,2,2,200,100,5
8.07810541232,7.03365868716,84,27,1,2,500,2,2,200,100,5
9.1656501105,9.97907045119,39,3,3,10,500,2,2,200,100,5
1.67370790114,3.99176845201,24,10,1,2,500,2,2,200,100,5
2.75028471457,2.40260645192,150,6,7,7,500,2,2,200,100,5
0.376854930866,9.91909890423,114,12,17,8,500,2,2,200,100,5
9.25100189439,2.10304055108,35,3,12,6,500,2,2,200,100,5
3.02595163506,7.34624984146,96,20,3,4,500,2,2,200,100,5
9.03253535272,8.43033783853,180,22,66,5,500,2,2,200,100,5
2.25507268756,5.15301892624,121,9,23,10,500,2,2,200,100,5
3.59949500571,3.99832578112,110,19,50,2,500,2,2,200,100,5
4.09814657487,4.6587462283,57,2,23,5,500,2,2,200,100,5
8.4206497201,2.70524524946,135,31,11,4,500,2,2,200,100,5
4.67040122098,6.50632909233,150,16,42,6,500,2,2,200,100,5
2.01687781022,6.68955701404,151,7,42,9,500,2,2,200,100,5
5.69483789246,3.66964456821,97,32,1,3,500,2,2,200,100,5
2.0996256534,4.89766120101,40,2,19,9,500,2,2,200,100,5
4.60038966035,2.767130166,170,38,5,4,500,2,2,200,100,5
6.06029764278,2.58217912789,40,2,2,10,500,2,2,200,100,5
6.69267446362,8.76857381252,27,2,6,6,500,2,2,200,100,5
1.71773787384,2.54533048646,129,6,72,5,500,2,2,200,100,5
2.93489052168,7.41522236251,179,39,2,4,500,2,2,200,100,5
7.93237869654,2.40955936106,100,11,1,9,500,2,2,200,100,5
8.44731450395,5.55833026004,62,2,36,8,500,2,2,200,100,5
5.24849216176,0.490480008653,56,2,25,5,500,2,2,200,100,5
8.31385329046,3.9645172943,184,42,5,4,500,2,2,200,100,5
8.36818518129,9.30902402864,36,8,3,3,500,2,2,200,100,5
1.42051000575,1.86310311279,133,17,79,3,500,2,2,200,100,5
1.5906682906,4.48227345739,163,13,30,7,500,2,2,200,100,5
9.92487772616,6.01065563983,42,17,7,2,500,2,2,200,100,5
9.64562634771,1.69298915193,134,14,8,9,500,2,2,200,100,5
2.92156445545,7.44801104603,127,19,8,5,500,2,2,200,100,5
1.28777603234,3.17183211339,21,2,7,6,500,2,2,200,100,5
3.57780928753,3.16074971216,84,32,17,2,500,2,2,200,100,5
8.74079208789,2.16547337399,182,21,20,7,500,2,2,200,100,5
8.04242747506,6.7801265739,196,26,10,5,500,2,2,200,100,5
4.12607468341,8.06406609909,104,21,5,3,500,2,2,200,100,5
1.20276872196,3.77619282084,154,12,43,6,500,2,2,200,100,5
3.00546970144,2.32373387692,51,10,1,5,500,2,2,200,100,5
3.97167266669,9.79730881906,73,9,9,7,500,2,2,200,100,5
6.62450742994,2.57797547112,168,32,54,3,500,2,2,200,100,5
2.72902742154,6.16440593558,169,11,19,7,500,2,2,200,100,5
6.69817836929,9.24100907521,190,10,20,10,500,2,2,200,100,5
6.9784783135,1.49938026463,154,2,128,10,500,2,2,200,100,5
1.64724833566,7.21022247414,31,13,1,2,500,2,2,200,100,5
5.95774507813,7.75089332025,161,6,52,5,500,2,2,200,100,5
3.61429401611,6.00635113325,168,7,95,10,500,2,2,200,100,5
4.09072201259,1.82214339473,50,7,1,7,500,2,2,200,100,5
4.05526329024,4.81127290062,94,45,2,2,500,2,2,200,100,5
0.736784123791,8.50063077715,32,1,7,8,500,2,2,200,100,5
8.70044038399,7.85354177196,178,14,60,7,500,2,2,200,100,5
1.80604110992,7.07635664758,163,29,65,3,500,2,2,200,100,5
3.45916320493,8.14273195299,195,5,52,6,500,2,2,200,100,5
6.81568030136,4.1596799747,152,9,45,4,500,2,2,200,100,5
9.89895170291,0.0701817962702,104,7,2,10,500,2,2,200,100,5
5.66770504284,2.77151638424,167,5,114,10,500,2,2,200,100,5
1.76823132851,2.51232034505,157,18,28,6,500,2,2,200,100,5
7.13153944278,7.76642080013,197,24,5,7,500,2,2,200,100,5
8.59362067257,9.72444159694,70,12,5,4,500,2,2,200,100,5
9.91419207887,5.35559355358,52,4,2,8,500,2,2,200,100,5
0.109686541696,7.85263648124,83,9,17,3,500,2,2,200,100,5
0.528112425535,2.68158801577,120,3,61,7,500,2,2,200,100,5
3.77759522349,3.68913271193,87,4,10,6,500,2,2,200,100,5
7.59324455937,5.65057336739,107,8,31,9,500,2,2,200,100,5
8.55372434675,4.80334939817,80,7,15,9,500,2,2,200,100,5
7.16178715928,6.68706047829,89,28,3,3,500,2,2,200,100,5
2.25357957962,4.36361687466,32,3,2,10,500,2,2,200,100,5
5.79640144881,3.23693036967,44,1,25,10,500,2,2,200,100,5
5.57675544955,6.97744075646,86,3,51,10,500,2,2,200,100,5
6.06003491154,7.95719095666,175,59,55,2,500,2,2,200,100,5
4.43868845928,6.9308798867,76,1,39,10,500,2,2,200,100,5
6.86562162944,1.79548160789,123,11,10,8,500,2,2,200,100,5
0.877129399377,5.61376579602,106,2,31,8,500,2,2,200,100,5
2.05984303997,8.16054437981,35,4,2,8,500,2,2,200,100,5
3.54548665733,0.496586902355,141,6,8,9,500,2,2,200,100,5
7.80812334055,2.25045609354,118,3,20,6,500,2,2,200,100,5
1.07040374123,7.19741994871,143,7,5,9,500,2,2,200,100,5
2.69473819073,7.78884644913,61,3,16,10,500,2,2,200,100,5
0.937472186738,3.52758931667,58,18,4,3,500,2,2,200,100,5
0.125341633934,4.18104596848,27,5,2,5,500,2,2,200,100,5
3.86254095389,0.333685909487,180,11,23,8,500,2,2,200,100,5
7.81469081562,0.67455757891,173,5,89,8,500,2,2,200,100,5
5.07580408995,4.86932627636,92,6,23,7,500,2,2,200,100,5
9.93198337409,6.30364100535,150,6,100,3,500,2,2,200,100,5
7.69251133232,1.43250531429,111,7,8,10,500,2,2,200,100,5
9.20679302153,4.42426748152,99,23,22,3,500,2,2,200,100,5
5.18253192743,7.78137848923,112,18,56,2,500,2,2,200,100,5
7.25224885593,8.17446054326,182,7,88,9,500,2,2,200,100,5
1.18209723861,3.66139027769,191,16,24,9,500,2,2,200,100,5
8.18395972677,7.28123411053,87,5,19,7,500,2,2,200,100,5
7.95584864356,5.97511980471,183,70,34,2,500,2,2,200,100,5
2.5011321854,2.91552686288,174,10,44,10,500,2,2,200,100,5
9.35638865686,1.33748857817,106,1,30,9,500,2,2,200,100,5
8.44491939393,9.1109769688,97,9,49,5,500,2,2,200,100,5
9.67250302654,2.59640440497,139,20,10,6,500,2,2,200,100,5
8.76893644483,1.01459542949,30,14,2,2,500,2,2,200,100,5
5.00615164599,2.42330052085,22,3,2,5,500,2,2,200,100,5
0.599471244553,0.318760044714,88,6,51,5,500,2,2,200,100,5
6.09897854069,9.37810707499,129,56,6,2,500,2,2,200,100,5
0.767993984088,8.46978850458,167,8,84,6,500,2,2,200,100,5
6.46739876735,3.05597347417,26,5,9,3,500,2,2,200,100,5
9.58148256789,5.88370930873,65,3,14,10,500,2,2,200,100,5
2.5556941559,5.76619197171,32,2,16,5,500,2,2,200,100,5
2.53983030533,0.429389629116,57,4,14,4,500,2,2,200,100,5
4.00011232144,1.47190342267,123,5,15,10,500,2,2,200,100,5
9.99156650052,6.07303452567,79,14,15,4,500,2,2,200,100,5
3.35167420064,1.04448905535,138,9,48,9,500,2,2,200,100,5
1.16819829114,9.27770747634,136,7,20,7,500,2,2,200,100,5
3.05223254237,4.71005340307,47,2,21,10,500,2,2,200,100,5
2.34133191459,3.57651380019,81,1,17,5,500,2,2,200,100,5
4.75458101602,6.94131744087,95,4,26,4,500,2,2,200,100,5
1.09486504865,5.75047837209,128,5,44,7,500,2,2,200,100,5
1.82363738821,5.7670112071,74,2,30,6,500,2,2,200,100,5
9.66330853549,1.12280364437,124,24,44,3,500,2,2,200,100,5
1.19003556075,0.10703383799,164,16,3,10,500,2,2,200,100,5
7.71522338234,5.50250262391,46,17,8,2,500,2,2,200,100,5
4.40992196435,3.42004101975,62,19,1,3,500,2,2,200,100,5
9.58381195507,6.05658361711,123,16,34,3,500,2,2,200,100,5
2.23611369699,3.30859778822,54,6,5,8,500,2,2,200,100,5
5.27697322624,2.0522011114,82,5,30,2,500,2,2,200,100,5
7.41588462105,8.41554176719,160,10,11,10,500,2,2,200,100,5
9.95628837317,3.10555366065,192,30,53,3,500,2,2,200,100,5
8.46655279412,6.27506247402,102,5,36,5,500,2,2,200,100,5
5.49198967476,3.45810521056,105,6,10,8,500,2,2,200,100,5
0.705347322026,1.66626187297,181,12,69,8,500,2,2,200,100,5
5.09929769554,2.20658607045,38,1,3,5,500,2,2,200,100,5
6.13159345165,6.39882828885,112,19,19,2,500,2,2,200,100,5
8.48723621409,4.7522052187,78,10,7,7,500,2,2,200,100,5
3.61511775541,0.855707390673,142,15,44,2,500,2,2,200,100,5
1.92960143898,0.442312186198,46,1,18,10,500,2,2,200,100,5
1.45045767193,8.47150676175,188,26,55,2,500,2,2,200,100,5
3.58463009266,9.046699526,41,3,20,6,500,2,2,200,100,5
4.9947882083,5.69566119506,129,6,44,8,500,2,2,200,100,5
5.2062852563,0.0480452594831,27,4,2,6,500,2,2,200,100,5
1.13201670767,2.02477140359,24,3,2,7,500,2,2,200,100,5
9.05961271826,8.36731839093,91,12,6,7,500,2,2,200,100,5
4.12027431936,1.28622497232,145,58,19,2,500,2,2,200,100,5
0.863392835438,7.15749623656,31,6,17,2,500,2,2,200,100,5
3.90016427776,5.81652693268,160,22,1,6,500,2,2,200,100,5
3.20379003467,9.27123392537,116,5,34,10,500,2,2,200,100,5
1.8101988808,9.39002732777,138,15,25,7,500,2,2,200,100,5
3.01111352699,8.09220948226,136,4,98,8,500,2,2,200,100,5
4.10475261842,9.55082386388,183,7,47,7,500,2,2,200,100,5
3.92444422976,2.02871054295,184,7,128,8,500,2,2,200,100,5
7.25285277575,9.42229999202,171,15,53,7,500,2,2,200,100,5
4.52998052812,0.473415020574,98,6,12,9,500,2,2,200,100,5
5.13140682265,0.554803199616,49,2,39,4,500,2,2,200,100,5
0.096854250685,5.22695292232,119,3,80,2,500,2,2,200,100,5
7.42704044466,1.48356713589,161,3,123,2,500,2,2,200,100,5
6.47644769821,6.26329489188,165,13,96,5,500,2,2,200,100,5
8.86698551491,0.707583694242,76,3,15,8,500,2,2,200,100,5
2.94106847852,0.721419976957,90,2,48,6,500,2,2,200,100,5
0.284886869273,8.04095628324,165,14,46,2,500,2,2,200,100,5
5.83875597106,8.43634706315,129,8,28,7,500,2,2,200,100,5
9.10472878948,8.67065457277,114,10,74,4,500,2,2,200,100,5
6.47277793108,9.46570807234,196,20,64,5,500,2,2,200,100,5
4.6830095806,3.28921079375,42,11,4,3,500,2,2,200,100,5
8.74498171077,2.13663297777,80,8,2,8,500,2,2,200,100,5
4.17032454279,2.0513199107,159,19,1,8,500,2,2,200,100,5
4.06983111621,3.47400075307,179,84,10,2,500,2,2,200,100,5
